{
    "keep": {
        "days": true,
        "amount": 14
    },
    "auditLog": "C:\\Users\\Nestlir\\OneDrive\\Рабочий стол\\web-larek-express\\backend\\src\\logs\\.4704cccae9662af7b773bcadd42697638c916df3-audit.json",
    "files": [
        {
            "date": 1733930526818,
            "name": "C:\\Users\\Nestlir\\OneDrive\\Рабочий стол\\web-larek-express\\backend\\src\\logs\\2024-12-11-request.log",
            "hash": "aacfd073e902abcbe0a5402a4ca759154773f9edcc70ff57ccdebc478b5e1bf0"
        },
        {
            "date": 1734013571174,
            "name": "C:\\Users\\Nestlir\\OneDrive\\Рабочий стол\\web-larek-express\\backend\\src\\logs\\2024-12-12-request.log",
            "hash": "c345924ba6aeb6ad59e038e8a78db8b4de69ae6d7c8d9e505c6cb37855f9ff0d"
        }
    ],
    "hashType": "sha256"
}