{
    "keep": {
        "days": true,
        "amount": 14
    },
    "auditLog": "C:\\Users\\Nestlir\\OneDrive\\Рабочий стол\\web-larek-express\\backend\\src\\logs\\.94ef428aa5fbc1645514f31d59081c02293727ab-audit.json",
    "files": [
        {
            "date": 1733930526846,
            "name": "C:\\Users\\Nestlir\\OneDrive\\Рабочий стол\\web-larek-express\\backend\\src\\logs\\2024-12-11-error.log",
            "hash": "f7720d7b31e194d35e344c5a616532127f5c2aec33a31ac8d5c6241676ccb4cd"
        },
        {
            "date": 1734013571208,
            "name": "C:\\Users\\Nestlir\\OneDrive\\Рабочий стол\\web-larek-express\\backend\\src\\logs\\2024-12-12-error.log",
            "hash": "1dcf97dac7ca020e077a85116c5cb4479ee8e94aece610daeb3adf6c51eb0b26"
        }
    ],
    "hashType": "sha256"
}